mean dn,std dev dn,mean n,std dev n,mean dp,std dev dp,mean p,std dev p,mean e,std dev e,dn,n,dndegen,ndegen,dp,p,e,eb,t,mue,nb,yp,k,cost,k,cost,phi
1.971146387705701e-08,0.0,1.8593838854335264e-07,2.0778173403483567e-09,8.17027e-09,1.26714e-09,1.84425e-07,5.76243e-08,7.553705832194576e-09,5.813262259397416e-11,2.3689163123707577e-08,1.5455756258531578e-07,5.341924945809161e-05,0.0020745216358140812,1.1630811523316704e-08,7.89027216218901e-08,6.7148564355281756e-09,0.07005183288260786,0.18686095983479517,-0.7354508555588319,7.486773331418498e-05,0.3433524885063014,0.08193587485207604,-0.8760869558974118,0.16734677649494983,-0.5647046114100478,4.455348986546433
1.0327275896378523e-06,0.0,3.542298177405569e-05,4.0454740392795044e-07,9.95213e-16,2.3608e-16,7.03955e-06,2.1065e-06,1.7546854972790868e-08,1.5654747393843604e-10,1.3063757707989762e-06,3.031804430909056e-05,4.141257166264627e-05,0.0012197734260977929,2.3107242378599565e-08,2.994745447776685e-06,1.9612257738800632e-08,0.011716905827043007,0.1530749425166824,0.15663306645651293,0.011380826799891088,0.10071097918904204,0.08193587485207604,-0.8760869558974118,0.16734677649494983,-0.5647046114100478,4.455348986546433
6.152718454110545e-11,0.0,2.1131723448370764e-05,2.1662250542074982e-07,1.71046e-21,5.27795e-22,9.61894e-07,1.86542e-07,7.605260898918345e-09,7.114236312135357e-11,1.1522201698074954e-10,2.0606193701619644e-05,5.944875872112439e-06,7.28648658849603e-05,2.5199830590922732e-12,4.4859961013604894e-07,9.452116379008856e-09,0.0196708909423349,0.04678344875942758,0.11353073301855619,0.00903563961464658,0.017194557283368272,0.08193587485207604,-0.8760869558974118,0.16734677649494983,-0.5647046114100478,4.455348986546433
3.964263080052142e-11,0.0,1.5630571036959357e-07,1.2881084044400494e-09,3.0736e-11,3.25179e-12,7.91217e-08,2.76736e-08,1.8119700876955332e-08,1.5715040881991825e-10,3.6112009170457614e-11,1.2884599221213671e-07,3.527387670795658e-07,0.0020145526371420025,9.663664213167359e-12,6.553219025680915e-08,1.5673621404606027e-08,0.07005183288260786,0.18686095983479517,-0.7354508555588319,7.486773331418498e-05,0.3433524885063014,0.07414333055839945,-0.6685384330521771,0.01108098620140191,-0.8942928683783604,2.5698466168404597
1.3979259095864462e-11,0.0,2.899296927329669e-05,3.1146244067298564e-07,5.64343e-16,9.31481e-17,3.32516e-6,1.05265e-6,4.0162469791119846e-08,2.5769043255497637e-10,1.0952777334429423e-11,2.486593185071001e-05,2.9923068755011446e-07,0.0011775556567700622,2.2876338710368276e-15,2.4532473726836246e-06,5.069226582010654e-08,0.011716905827043007,0.1530749425166824,0.15663306645651293,0.011380826799891088,0.10071097918904204,0.07414333055839945,-0.6685384330521771,0.01108098620140191,-0.8942928683783604,2.5698466168404597
4.1192672127694056e-20,0.0,1.759514183235609e-05,1.6947853769821486e-07,2.5575e-22,5.02537e-23,8.40544e-07,2.42224e-07,1.7247551707194037e-08,1.5453563126148643e-10,1.812275105711087e-20,1.696450464065098e-05,1.364940545910986e-07,6.660445189515971e-05,1.5184790071993425e-19,3.677677408438445e-07,2.341639974047288e-08,0.0196708909423349,0.04678344875942758,0.11353073301855619,0.00903563961464658,0.017194557283368272,0.07414333055839945,-0.6685384330521771,0.01108098620140191,-0.8942928683783604,2.5698466168404597
3.152572763241428e-12,0.0,3.5527663001779774e-07,3.045968737540439e-09,1.03193e-12,1.67101e-13,3.78619e-07,1.18844e-07,4.307179767978757e-10,2.5551586070268975e-12,3.0195706377982176e-07,2.2696498225941425e-07,0.002343562129327287,1.1087222973791627e-12,1.504216803949858e-07,4.065847331600601e-08,0,0.07005183288260786,0.18686095983479517,-0.7354508555588319,7.486773331418498e-05,0.3433524885063014,0.11497484935686397,-0.38551850345901073,0.008027752635117458,0.11512609414907438,4.059294660465074
4.101904539999648e-12,0.0,6.745123730240945e-05,5.085653411774594e-07,4.49726e-23,1.08286e-23,9.18778e-06,2.1598e-06,6.443609561200249e-08,4.772281013775903e-10,2.7924768398939306e-12,5.985885933360634e-05,1.967384515569004e-07,0.0014108790705397267,6.282819135774286e-15,5.891264266545434e-06,1.9132981837882136e-07,0.011716905827043007,0.1530749425166824,0.15663306645651293,0.011380826799891088,0.10071097918904204,0.11497484935686397,-0.38551850345901073,0.008027752635117458,0.11512609414907438,4.059294660465074
7.18940099397278e-22,0.0,4.139445723881896e-05,4.2257034724535166e-07,9.61973e-34,1.87136e-34,2.47917e-06,4.34136e-07,3.5125684711834285e-08,2.6407373187750376e-10,1.9884127630597807e-22,4.1270889844021245e-05,1.1010447456761882e-07,0.00010310898573090336,3.2694016068232094e-22,8.810044843282388e-07,8.550899548351307e-08,0.0196708909423349,0.04678344875942758,0.11353073301855619,0.00903563961464658,0.017194557283368272,0.11497484935686397,-0.38551850345901073,0.008027752635117458,0.11512609414907438,4.059294660465074
6.027131773391314e-08,0.0,1.4792283605081222e-07,1.5860660152456458e-09,1.0102769220838389e-07,4.979987893537964e-08,2.8224923598174326e-05,8.574383444616156e-05,1.065677709979246e-09,8.453656645058114e-12,5.61535751863559e-08,1.3883984663035217e-07,3.999686504387196e-05,0.0015976241182174226,2.8417486147615163e-08,7.125297511640472e-08,1.545131658835907e-09,0.03172364438832448,0.14879634836065486,-0.6702733977368993,1.8491551176664676e-05,0.3631864127021954,0.16065325297141736,-0.8837798786580828,0.13134109219061657,0.7498379607462518,0.83786223536206
8.638035866199724e-07,0.0,3.4154369615786985e-06,3.753448004921428e-08,4.5253749603606497e-08,3.604582756842021e-08,2.0903951471059146e-07,1.203302099774464e-07,5.549789364508788e-09,4.568331075395113e-11,8.808234622097879e-07,3.1214123534836098e-06,4.8646869181085336e-05,0.0026705782086253156,2.4261137251003482e-08,1.0569565291527371e-07,6.134837252616797e-09,0.14668262593411682,0.18449727139578492,-1.0026457701577198,0.00028247991635463977,0.028361190359759703,0.16065325297141736,-0.8837798786580828,0.13134109219061657,0.7498379607462518,0.83786223536206
1.3992349915786897e-05,0.0,4.0343176243596645e-05,3.484183717357975e-07,1.2696169210421518e-05,7.491499907404825e-06,6.79971102678868e+62,2.1433621639587747e+63,3.738222629481042e-08,2.4278351224175643e-10,1.2970961409484614e-05,3.5098407341456066e-05,4.990610819156318e-05,0.0029437768366351764,4.640501025459067e-06,1.2081046793604019e-05,5.646391469550704e-08,0.017540761006368286,0.19198315903619778,0.043094029012453995,0.004169111646538451,0.28640167594412025,0.16065325297141736,-0.8837798786580828,0.13134109219061657,0.7498379607462518,0.83786223536206
5.499020488382396e-09,0.0,2.848489561995925e-07,1.7714375849238489e-09,4.700665945523511e-09,4.379881931665211e-09,1.294758192122311e-05,3.5247061981385597e-05,1.0667090601637526e-08,1.1386308992369824e-10,3.763249269137772e-09,2.789322949141094e-07,3.409170048803388e-05,0.002055769781642586,1.0647029760930561e-10,1.390934719947982e-07,2.0803142345510185e-08,0.03172364438832448,0.14879634836065486,-0.6702733977368993,1.8491551176664676e-05,0.3631864127021954,0.22466292521116205,0.5910523479285246,0.10296551461283782,-0.18855922750761023,2.9605177191862992
2.502309835961506e-07,0.0,6.862493082216274e-06,6.519043261408256e-08,1.881012229034444e-08,9.422268243239738e-09,4.27727745796175e-07,1.1168849831488282e-07,5.458041951580519e-08,6.505450545863094e-10,2.03719110851577e-07,6.6415860183816484e-06,3.9414641871187195e-05,0.0033109190795620673,1.965360737888366e-09,1.993216436492995e-07,4.566664362029242e-08,0.14668262593411682,0.18449727139578492,-1.0026457701577198,0.00028247991635463977,0.028361190359759703,0.22466292521116205,0.5910523479285246,0.10296551461283782,-0.18855922750761023,2.9605177191862992
1.8113750332833377e-06,0.0,7.598971731448328e-05,6.877350196466664e-07,1.0600986324621544e-06,7.493139138425125e-07,5.548027392596027e+62,1.7534958436418676e+63,3.622602267029333e-07,3.443115733245165e-09,1.328348095538372e-06,6.943673684799944e-05,4.043781166991909e-05,0.0036258682616191733,1.3895089236785015e-08,2.3613230514752044e-05,1.672080907592835e-06,0.017540761006368286,0.19198315903619778,0.043094029012453995,0.004169111646538451,0.28640167594412025,0.22466292521116205,0.5910523479285246,0.10296551461283782,-0.18855922750761023,2.9605177191862992
2.2930728104947075e-09,0.0,2.5853860181144136e-08,2.4965605621444967e-10,1.5679046395849498e-09,1.9983307516595236e-09,1.3916071369186515e-08,7.93823926266338e-09,4.50109872197446e-09,2.902619388302288e-11,3.2124202862584853e-09,2.2300072804251107e-08,4.1361772511007175e-05,0.0010392559565848983,7.721400367137006e-11,1.1379531099666801e-08,4.025045700010353e-09,0.03172364438832448,0.14879634836065486,-0.6702733977368993,1.8491551176664676e-05,0.3631864127021954,0.06357656829900155,-0.23162730397675757,0.16818376285318942,0.8343360445968218,2.2604343727702165
4.030450272840701e-07,0.0,7.803515088218348e-07,4.044125945363031e-09,2.623876358108241e-08,1.2880023655045953e-08,4.333868186947433e-08,2.5453017039162018e-08,1.74590263087331e-08,9.27605193897168e-11,4.6570187851927215e-07,6.678756920639119e-07,5.5280716511490215e-05,0.001868633206926093,5.548889622352454e-09,2.306511017548695e-08,1.2942803343722209e-08,0.14668262593411682,0.18449727139578492,-1.0026457701577198,0.00028247991635463977,0.028361190359759703,0.06357656829900155,-0.23162730397675757,0.16818376285318942,0.8343360445968218,2.2604343727702165
1.1275092448127748e-06,0.0,6.944089948081781e-06,9.677874638030257e-08,8.564135183527583e-07,7.335451668359505e-07,1.3326121003747808e+62,3.143327185301724e+62,1.691021801156718e-07,2.4261762165487677e-09,1.4687676055827347e-06,5.549216079379011e-06,5.82030397154087e-05,0.0020853780837807607,3.5876369206983934e-08,1.9034439680295107e-06,1.6380933199387894e-07,0.017540761006368286,0.19198315903619778,0.043094029012453995,0.004169111646538451,0.28640167594412025,0.06357656829900155,-0.23162730397675757,0.16818376285318942,0.8343360445968218,2.2604343727702165
7.384716044723977e-10,0.0,1.242368211207156e-07,4.2861993171652485e-09,2.815081858792001e-11,3.497766004448464e-11,inf,inf,3.9094504706351074e-10,3.4731850998698694e-12,1.102682334320553e-09,9.161789539269882e-08,8.363416014060052e-05,0.003035127293791268,5.022884279941292e-12,2.5196957750745747e-09,2.660214066500489e-10,0.0062336850702767975,0.23038453622206884,-1.1348046459992158,0.00042881612815543873,0.031760736667533096,0.02173680295916447,-0.2086961966568981,0.20518360395459917,0.8765253827311739,5.756437788747917
1.879995049350145e-36,0.0,7.96327505682583e-07,6.201037904767052e-09,1.1228138159255834e-39,1.8654408143596588e-39,2.947310637073008e-07,1.0125113851798531e-07,1.3283102505824582e-09,2.0826112451609345e-11,3.977524588572052e-35,7.507364847780454e-07,1.3605913007457827e-07,8.558571261761287e-06,1.2460712744652645e-41,2.1729098268645628e-07,1.2015480817889185e-09,0.0046166822189790315,0.027715015522416564,2.149459084585614,0.006229298935056154,0.24194768914440157,0.02173680295916447,-0.2086961966568981,0.20518360395459917,0.8765253827311739,5.756437788747917
4.944693999176411e-23,0.0,1.1729630054321847e-08,1.138490683235784e-10,1.8518188847867553e-24,1.868424078697591e-24,2.6420553109182667e+35,7.815411107698385e+35,7.082964197330811e-10,4.5496143954753085e-12,2.7149878550932527e-22,1.154265364640302e-08,3.583632936153785e-06,4.9442792240644966e-05,3.4161243239641086e-26,1.8075959535753457e-09,6.094775846824816e-10,0.004094229090288694,0.054254008046724034,-0.05560384396745086,6.229163781307112e-05,0.15542824390684706,0.02173680295916447,-0.2086961966568981,0.20518360395459917,0.8765253827311739,5.756437788747917
3.0855129589645354e-07,0.0,1.6868795294414143e-06,2.7402113399870115e-08,2.251939886305125e-08,4.1712402576384916e-08,inf,inf,2.991548746190508e-10,2.2056001782357273e-12,4.30530231311764e-07,1.2769430802512975e-06,0.00012801014216926978,0.0036613754877276522,4.013615780352441e-11,3.5103144463832614e-08,7.706617126359599e-10,0.0062336850702767975,0.23038453622206884,-1.1348046459992158,0.00042881612815543873,0.031760736667533096,0.08142470335478591,-0.4001878499829199,0.23071164552356038,0.6028849613411595,3.7545633914365055
1.2551242159149044e-14,0.0,1.0744199748715331e-05,1.4161056925547748e-07,4.673516690298395e-25,1.3804556434648793e-24,6.386285685568537e-06,1.1664324673395798e-06,1.6498227404485794e-09,1.7563754789941227e-11,1.5257507938326253e-13,1.0560105146194371e-05,5.367797309677814e-07,2.642534268188837e-05,7.790021128988502e-20,3.0392110426106926e-06,8.335544961734588e-09,0.0046166822189790315,0.027715015522416564,2.149459084585614,0.006229298935056154,0.24194768914440157,0.08142470335478591,-0.4001878499829199,0.23071164552356038,0.6028849613411595,3.7545633914365055
7.7825115611654e-12,0.0,1.5991594552217652e-07,7.933048882619532e-10,1.3048457116387211e-15,2.9796197142210655e-15,3.0545542587404343e+49,9.658406710727409e+49,6.605449156765234e-10,5.933427977605262e-12,3.209397067940597e-11,1.6143827642300305e-07,7.957112986435507e-06,9.914999147189301e-05,6.525298205767141e-22,2.528553753420116e-08,3.412946794817283e-09,0.004094229090288694,0.054254008046724034,-0.05560384396745086,6.229163781307112e-05,0.15542824390684706,0.08142470335478591,-0.4001878499829199,0.23071164552356038,0.6028849613411595,3.7545633914365055
5.333812527594529e-08,0.0,2.689560774718368e-06,2.929204302015517e-08,1.6216192109522272e-09,2.8826116566663527e-09,inf,inf,8.347694299265184e-10,8.013014389461385e-12,5.5738551087007806e-08,2.082436027564431e-06,4.180212691657596e-05,0.0039215335860208166,1.98758298740547e-10,5.7088516393319485e-08,1.0925123831263068e-09,0.0062336850702767975,0.23038453622206884,-1.1348046459992158,0.00042881612815543873,0.031760736667533096,0.10384937333044858,0.7442376728006743,0.12535780506393784,0.8172824402323031,0.19972074433600895
3.5660024538408914e-22,0.0,1.7422145917445844e-05,2.304084328382335e-07,1.1400540509646793e-22,2.2631631295006574e-22,1.1453854976576258e-05,1.8976855737001984e-06,8.211928497525363e-09,1.0212182714636733e-10,3.8769297961156576e-22,1.744969010650544e-05,3.4876279008875045e-06,3.613059499890421e-05,2.2022564989298414e-28,4.945810833685788e-06,1.759886257472839e-08,0.0046166822189790315,0.027715015522416564,2.149459084585614,0.006229298935056154,0.24194768914440157,0.10384937333044858,0.7442376728006743,0.12535780506393784,0.8172824402323031,0.19972074433600895
4.787185305226092e-16,0.0,2.573039417509833e-07,2.8571558684905344e-09,6.086351549368328e-17,1.1384438114798462e-16,2.0962597838307757e+50,6.5502127366758456e+50,1.745633318130563e-09,1.6871213574965406e-11,5.758381746904943e-16,2.645894059805061e-07,8.407824325661163e-06,0.0001236833918829635,7.208046277324975e-20,4.112707093013796e-08,3.5361086586702202e-09,0.004094229090288694,0.054254008046724034,-0.05560384396745086,6.229163781307112e-05,0.15542824390684706,0.10384937333044858,0.7442376728006743,0.12535780506393784,0.8172824402323031,0.19972074433600895
6.274805759360606e-10,0.0,1.4194651921327485e-08,6.330312286405788e-10,3.6769131462452257e-10,5.558759549130948e-10,28821034.81119142,90927882.84237921,5.873719723408359e-09,7.269415222611967e-11,6.746437549764537e-10,1.5101998284628658e-08,3.326544592592618e-06,0.0012341236099054132,6.369502622830363e-11,4.018722606240582e-09,3.148309265334417e-09,0.02678323980456995,0.17367631540184314,-0.3447803524279281,0.0005293408267322956,0.22320740400021444,0.004086414537649519,-0.412320109913471,0.04036693669254826,-0.9605229335814807,4.328295758535123
9.368945800609237e-09,0.0,7.16233602928153e-08,1.6235794145327303e-09,3.2163637481142584e-09,2.9080631847391316e-09,4.661307129063338e-09,6.041286879390386e-09,2.0277724219264354e-08,2.49453883042528e-10,1.005634945612012e-08,1.0146605894693547e-07,1.990308210215729e-06,0.0003217938196379163,8.462649132781325e-10,2.8762033377670548e-08,1.100695350299197e-08,0.04719974530455757,0.11058875019929565,0.004101162099876443,0.0013515052198390253,0.2172933569327823,0.004086414537649519,-0.412320109913471,0.04036693669254826,-0.9605229335814807,4.328295758535123
4.0227131936274697e-10,0.0,8.591441024961377e-09,2.90118934714621e-09,2.1849949968653051e-10,2.6416297615189327e-10,1.3722069351375595e+94,4.339266354220069e+94,3.459786174875781e-09,7.485288641887385e-11,4.330775804824442e-10,1.1177491411872106e-08,4.079428405948186e-06,0.0021482818549420912,2.938603597298894e-11,2.1647831459001395e-09,1.869439945265055e-09,0.014306012506261618,0.2091277984937709,-0.4658478974463437,0.0008499518169928193,0.17988966018469066,0.004086414537649519,-0.412320109913471,0.04036693669254826,-0.9605229335814807,4.328295758535123
2.191924898884795e-06,0.0,8.52542878295656e-06,8.582661034473944e-08,9.367444542485526e-07,8.380952655564582e-07,6.64031276525046e+18,2.076283340321322e+19,8.933068454664429e-08,1.0702602443254302e-09,1.9574894754658177e-06,7.887759820421607e-06,6.378722163624011e-05,0.0026837698550983783,1.3672671532158104e-07,1.9660862450818997e-06,3.7318820669938597e-07,0.02678323980456995,0.17367631540184314,-0.3447803524279281,0.0005293408267322956,0.22320740400021444,0.2031740390421703,0.14329211658258778,0.1603191009570606,0.3791235095469969,5.324122680673064
5.536519824470378e-06,0.0,1.970567666327512e-05,1.9614843750336427e-07,2.601785973992028e-06,3.4442188230970786e-06,1.0732067700362953e-05,4.276245153316209e-06,5.405604151851282e-07,4.886473164273938e-09,4.774340680928166e-06,2.0161008926300666e-05,4.327128711835144e-05,0.001006763100025462,4.883231398487699e-07,5.25046866599769e-06,1.2160050401609445e-06,0.04719974530455757,0.11058875019929565,0.004101162099876443,0.0013515052198390253,0.2172933569327823,0.2031740390421703,0.14329211658258778,0.1603191009570606,0.3791235095469969,5.324122680673064
3.758834248135659e-06,0.0,1.5137983990899969e-05,1.6054076411010184e-07,1.188875667396516e-06,1.0019804367991526e-06,7.391938577366081e+102,1.6535879411133334e+103,3.088322038896769e-08,3.005532000827445e-10,3.4037428833641767e-06,1.3355116225702287e-05,7.524387730957175e-05,0.00414684887094342,9.384066479898267e-08,2.4801719375973875e-06,4.803712020695064e-07,0.014306012506261618,0.2091277984937709,-0.4658478974463437,0.0008499518169928193,0.17988966018469066,0.2031740390421703,0.14329211658258778,0.1603191009570606,0.3791235095469969,5.324122680673064
4.013122362332974e-11,0.0,4.707735690858523e-06,5.452409457908169e-08,1.9417060944439537e-15,4.1541976897285506e-15,3081449801240.2583,9654661997097.525,9.393067290150968e-08,9.06884583840099e-10,2.9362166183001386e-11,4.192653798567331e-06,2.9229315018797803e-06,0.0022011630484080006,1.2850032551776148e-12,1.0447850107452253e-06,1.7074371510953103e-07,0.02678323980456995,0.17367631540184314,-0.3447803524279281,0.0005293408267322956,0.22320740400021444,0.14800137599219992,0.21945150169715832,0.030683378668463546,-0.2835840327670365,5.174415325838508
8.648882419983546e-12,0.0,1.082251544585159e-05,1.234557662352168e-07,1.7474460754541062e-14,3.8247377923522e-14,4.419602011923772e-06,1.4343574094322527e-06,5.149932096892737e-07,2.867855006146739e-09,5.52081956530905e-12,1.0737282569673922e-05,2.1954104603552617e-06,0.0007654451672674283,2.1270655126911332e-12,2.7985334645749882e-06,6.894832605981779e-07,0.04719974530455757,0.11058875019929565,0.004101162099876443,0.0013515052198390253,0.2172933569327823,0.14800137599219992,0.21945150169715832,0.030683378668463546,-0.2835840327670365,5.174415325838508
1.6978543798598733e-10,0.0,8.446949825872016e-06,6.538643741785447e-08,1.1049080683918298e-17,3.3179220334946885e-17,2.449155363371339e+101,7.744909291870115e+101,3.3463047495868134e-08,2.549463163511554e-10,1.291042596993153e-10,7.091445776747055e-06,3.3432548784917867e-06,0.003495613522661562,1.646425106929395e-12,1.3166087539394632e-06,1.224494587478247e-07,0.014306012506261618,0.2091277984937709,-0.4658478974463437,0.0008499518169928193,0.17988966018469066,0.14800137599219992,0.21945150169715832,0.030683378668463546,-0.2835840327670365,5.174415325838508
1.8779437508324004e-06,0.0,2.036284173247434e-06,1.3884098133417288e-08,1.7377116189109616e-27,3.1902645636986626e-27,1.2697372278504967e+51,4.015261576539188e+51,1.0829994225713412e-08,1.537869890372426e-10,2.12430313068906e-06,2.017348857147213e-06,2.7812660442621535e-05,0.0004919458046656445,2.5283694465394855e-28,3.3033151164425167e-07,7.064114469585358e-08,0.008263438380664888,0.09537401993922057,-0.09471455516431251,0.00031662004095185724,0.1613341527304788,0.12795966830740374,0.15108685449070292,0.14805215062851873,0.12873756241056133,3.269515820846296
7.791905978682495e-06,0.0,7.451111618994325e-06,1.0672184018602443e-07,2.0730134802513283e-67,3.715297487501732e-67,7.2609498855141e-07,2.6477282613624656e-07,4.5704633403308197e-08,4.600823691572709e-10,1.0131880499903301e-05,8.019246229605753e-06,1.0839886035258652e-05,0.00010219954911823111,7.658600470924345e-68,3.8480079329500794e-07,8.727963063183793e-08,0.024427528591448,0.04346862390404688,0.01795701288666771,0.001140008059615076,0.0460065670573086,0.12795966830740374,0.15108685449070292,0.14805215062851873,0.12873756241056133,3.269515820846296
4.5724371216328837e-07,0.0,6.315389139717556e-07,6.3753754675433044e-09,1.982859038836702e-100,1.0010721790932068e-100,5.2752727039209385e-08,2.3468804973260074e-08,1.0757037370945149e-08,1.002225034773656e-10,5.545524718053658e-07,6.792130063669925e-07,2.659669457700506e-05,0.0004483386926628466,4.267939032103759e-101,3.177214525200457e-08,1.0398253106130382e-08,0.12531536410178837,0.09145237504667125,-0.47367924571185477,9.393851656116637e-05,0.03555696804763375,0.12795966830740374,0.15108685449070292,0.14805215062851873,0.12873756241056133,3.269515820846296
2.6923450420974865e-06,0.0,2.3303159414754134e-06,2.342909906825397e-08,7.521677491881583e-07,4.958801598546859e-07,6.671151740218723e+59,2.1096028565890774e+60,1.4098675589782114e-08,1.3446036644453277e-10,2.6611564924924033e-06,2.310976231407889e-06,2.2406778238457786e-05,0.0005187481433953994,2.0152498329012918e-07,3.774030219016936e-07,5.7503114944841945e-08,0.008263438380664888,0.09537401993922057,-0.09471455516431251,0.00031662004095185724,0.1613341527304788,0.13677647072821053,0.499729762466385,0.13168713938289361,-0.10527452859978448,1.2920941514688566
1.4137470582971449e-05,0.0,8.53920382677799e-06,4.0932653448168486e-08,1.5788885109115564e-06,4.892024234602615e-07,7.418401018065308e-07,1.9284800062097595e-07,5.5717996803498334e-08,3.7752173803717444e-10,1.375659222305544e-05,9.316916673666237e-06,1.014182923394671e-05,0.00011100526756200216,3.2390658569527423e-07,4.3947123162045515e-07,7.535947820013908e-08,0.024427528591448,0.04346862390404688,0.01795701288666771,0.001140008059615076,0.0460065670573086,0.13677647072821053,0.499729762466385,0.13168713938289361,-0.10527452859978448,1.2920941514688566
4.119362579291976e-07,0.0,7.345869019260528e-07,8.385573968063458e-09,2.928599784486219e-08,1.0014823821403175e-08,6.08941160119416e-08,2.522124462366083e-08,1.1603379877894116e-08,7.684609585681521e-11,4.951234280172368e-07,8.056029188892243e-07,2.156921860979484e-05,0.0004734969220551371,1.066848734792365e-08,3.59248672085222e-08,9.195883535081067e-09,0.12531536410178837,0.09145237504667125,-0.47367924571185477,9.393851656116637e-05,0.03555696804763375,0.13677647072821053,0.499729762466385,0.13168713938289361,-0.10527452859978448,1.2920941514688566
3.77086572806583e-08,0.0,1.4716444000294348e-07,1.561244004898207e-09,1.298530299975462e-08,9.451841912836634e-09,3.4179920785564093e+52,1.0782458752048101e+53,2.9893210164328318e-09,3.3772723553303165e-11,3.528738532655313e-08,1.3700469005330904e-07,5.539855103565383e-07,0.0002591450104244346,6.969775293862146e-10,2.2612883136527832e-08,2.672617720880962e-09,0.008263438380664888,0.09537401993922057,-0.09471455516431251,0.00031662004095185724,0.1613341527304788,0.03338938796393426,-0.6720013205190112,0.019301300121208287,0.34848279370559254,3.9595900030669657
3.3227612837304167e-07,0.0,5.247636164251257e-07,6.157877376790669e-09,3.1685300667334535e-08,1.683854151926991e-08,5.4227653691296516e-08,3.663485643759388e-08,6.5289795838034035e-09,6.337200366139381e-11,3.078166154658715e-07,5.334014405591353e-07,2.7162602521317626e-07,3.267190422380236e-05,7.450199082637604e-09,2.7427969191283124e-08,6.1287154486069204e-09,0.024427528591448,0.04346862390404688,0.01795701288666771,0.001140008059615076,0.0460065670573086,0.03338938796393426,-0.6720013205190112,0.019301300121208287,0.34848279370559254,3.9595900030669657
3.268802763818602e-09,0.0,7.438797264116831e-08,7.303859992031563e-10,2.6637177435996965e-11,1.8204838761614668e-11,4.5556138001568505e-09,1.7872679441076469e-09,1.383745555638679e-09,1.2283096429285015e-11,3.025719866228442e-09,8.117598521529444e-08,5.33129010719551e-07,0.00023092428331670926,8.567664699896992e-12,4.624816364249179e-09,1.0611584958172812e-09,0.12531536410178837,0.09145237504667125,-0.47367924571185477,9.393851656116637e-05,0.03555696804763375,0.03338938796393426,-0.6720013205190112,0.019301300121208287,0.34848279370559254,3.9595900030669657
1.8958755470498576e-09,0.0,1.4476114184006852e-05,9.76610862934769e-08,1.783911147404821e-10,3.217451982504676e-10,7.165812063310122e-06,2.67048975121403e-06,3.3361406855792453e-07,3.097192841422086e-09,1.541930751887254e-09,1.1646197753643313e-05,4.577336101541801e-06,0.005055721512088284,7.767071795027085e-11,3.4186719529241357e-06,4.458727605201766e-07,0.06734506553994588,0.23914504450106394,-0.4760565665907649,0.0013472982383432221,0.24201742001352167,0.15732002732013395,-0.4708684510760657,0.034265689516470355,-0.41564708625532143,1.136653797663521
1.1145855577851762e-09,0.0,6.407967959428809e-06,5.135030042198875e-08,1.6788041948340937e-10,2.8282395868563826e-10,1.917403067332765e-06,8.72490450484618e-07,7.999618745072026e-08,6.65812800860678e-10,9.160657454420591e-10,5.1236906629319454e-06,4.618138127883129e-06,0.005207828302172722,2.8570746561740983e-11,6.631233823915071e-07,1.0331985128661766e-07,0.07471143656321587,0.2419303670615861,-0.8904045709247184,0.0005109743458140872,0.12218643910585025,0.15732002732013395,-0.4708684510760657,0.034265689516470355,-0.41564708625532143,1.136653797663521
1.0384151345733259e-10,0.0,3.0261037623488384e-05,3.786444276535312e-07,6.092422594168011e-16,1.1404915880388634e-15,4.5914425653394857e+232,1.4519416251183085e+233,1.730878128427977e-08,2.463499207728072e-10,7.358970841255958e-11,2.6752604980761133e-05,3.7258581348475528e-06,0.0025037936940649754,1.2337101690150348e-13,8.733704211836188e-06,3.525402910793007e-07,0.007081132486234431,0.18055167586150572,0.026510122917644513,0.0032622936637428336,0.2798707256559603,0.15732002732013395,-0.4708684510760657,0.034265689516470355,-0.41564708625532143,1.136653797663521
5.381092182899276e-09,0.0,1.3949929204776242e-05,1.0615521556146393e-07,1.2417655294783829e-09,1.5628841439097262e-09,1.1398483660320819e-05,6.14273134954325e-06,1.9780486769676968e-07,1.91604900766412e-09,4.366398809086714e-09,1.1181253385169873e-05,5.102775925518223e-06,0.005016606176315843,6.675838368450362e-11,3.301832065132916e-06,2.4582542796594764e-07,0.06734506553994588,0.23914504450106394,-0.4760565665907649,0.0013472982383432221,0.24201742001352167,0.15456100760271807,-0.7032170377410321,0.035276988817654564,-0.5864581683178609,2.372293389457816
2.845713683827358e-09,0.0,6.15847566991854e-06,7.450097090003428e-08,2.612116367392124e-10,3.9431301276681903e-10,1.6077396730162206e-06,7.398477606396925e-07,4.746590905840887e-08,5.351893315434024e-10,2.3335036083200318e-09,4.916853056562727e-06,5.148710820110918e-06,0.005167938696188028,1.6260538987230433e-11,6.405492461393282e-07,5.7476650316715075e-08,0.07471143656321587,0.2419303670615861,-0.8904045709247184,0.0005109743458140872,0.12218643910585025,0.15456100760271807,-0.7032170377410321,0.035276988817654564,-0.5864581683178609,2.372293389457816
1.1453243767184192e-09,0.0,2.9188996234861728e-05,3.027025148183061e-07,1.1008849015129199e-11,1.5939842238433068e-11,4.448865448797196e+237,1.4068547821826345e+238,1.1300339810560528e-08,1.2044422147682726e-10,8.201447658185383e-10,2.5801803121525564e-05,4.145058246276042e-06,0.0024792653934166352,3.1360529654123073e-13,8.43010622342385e-06,8.354155434900042e-08,0.007081132486234431,0.18055167586150572,0.026510122917644513,0.0032622936637428336,0.2798707256559603,0.15456100760271807,-0.7032170377410321,0.035276988817654564,-0.5864581683178609,2.372293389457816
3.284078341568261e-11,0.0,1.9837249541168897e-05,2.066974525919924e-07,2.1308698335354188e-13,4.747499806130371e-13,8.773373590799181e-06,3.595809644946214e-06,7.518429644987683e-07,1.1303545217958762e-08,2.4165570849267787e-11,1.6415365452496754e-05,6.89974742274405e-07,0.005463317231308993,2.470632088440945e-12,4.716500040866163e-06,9.015310728642776e-07,0.06734506553994588,0.23914504450106394,-0.4760565665907649,0.0013472982383432221,0.24201742001352167,0.18522363429958483,0.32925490383027745,0.012835661037970958,-0.2038563380268834,0.5519538386856233
1.9878352180002607e-11,0.0,8.807270237068807e-06,7.370191583565417e-08,2.313301438831894e-13,6.968601918310833e-13,2.0829406016074956e-06,7.825791103255659e-07,1.79604321269872e-07,2.271433912912373e-09,1.4796074822042928e-11,7.230478816069589e-06,6.954627280878692e-07,0.005623394429624798,6.534459994256912e-13,9.138741845863609e-07,2.0389606123441033e-07,0.07471143656321587,0.2419303670615861,-0.8904045709247184,0.0005109743458140872,0.12218643910585025,0.18522363429958483,0.32925490383027745,0.012835661037970958,-0.2038563380268834,0.5519538386856233
8.739011178659431e-13,0.0,4.122817807197754e-05,6.212469722978857e-07,7.49168327916514e-24,1.7475063506880794e-23,1.430359162573917e+253,3.233378958827109e+253,5.265528977613113e-08,3.4239100063746385e-10,5.412800909461822e-13,3.718637678818933e-05,5.7618521192483e-07,0.0027609221390851642,1.0457256471934829e-15,1.2106012434829493e-05,3.2408010217431123e-06,0.007081132486234431,0.18055167586150572,0.026510122917644513,0.0032622936637428336,0.2798707256559603,0.18522363429958483,0.32925490383027745,0.012835661037970958,-0.2038563380268834,0.5519538386856233
