0.0000035889754176309328,0,1.943384588931941e-7,0
0.0000036234578580642207,0,1.963182333786366e-7,0
0.000003658023942639651,0,1.9830085990307915e-7,0
0.000003713105679490856,0,2.0028918491533838e-7,0
0.0000037483873686020455,0,2.0228539100964813e-7,0
0.0000037836966520823934,0,2.0429119217012087e-7,0
0.000003819160827840838,2.445453388224363e-8,2.0630796307439021e-7,0
0.00000385481439292419,2.4486447591608294e-8,2.0833682734557317e-7,0
0.000003890677116144183,2.4511425880556748e-8,2.1037871935401996e-7,0
0.000003926762974297795,2.453363297567092e-8,2.1243442846897157e-7,0
0.000003963082815446715,2.455429222337443e-8,2.1450463136560982e-7,0
0.000003999645500052376,2.4573942079788297e-8,2.1658991601967673e-7,0
0.000004036458503830202,2.4592867880622983e-8,2.1869079980247274e-7,0
0.000004073528281277292,2.4611238670919314e-8,2.2080774331471236e-7,0
0.000004110860504821897,2.4629162498131603e-8,2.229411610939263e-7,0
0.000004148460231762982,2.4646712379935818e-8,2.2509142999517788e-7,0
0.000004186332025790244,2.4663939834840545e-8,2.2725889581783138e-7,2.5998823684955027e-9
0.000004224480048202941,2.4680882494748864e-8,2.2944387859450713e-7,2.602501499999155e-9
0.0000042629081280019746,0.0000021977789435644203,2.316466768485661e-7,2.3298615607391819e-7
0.000004301619816746317,0.000002200670980793291,2.338675710484218e-7,4.1921413103977535e-7
0.000004340618432127556,0.00000220291922214333,2.3610682643066396e-7,4.194691568488593e-7
0.000004379907093011103,0.0000022049150720817136,2.3836469532295864e-7,4.1968801988795516e-7
0.000004419488747909663,0.0000022067708601186765,2.4064141906734344e-7,4.198891662599729e-7
0.000004459366198327294,0.0000022085356114612952,2.4293722962196325e-7,4.200793435855043e-7
0.0000044995421180472055,0.000002210235185918097,2.4525235090224314e-7,4.2026186575654306e-7
0.000004540019069177087,0.0000022118848591640916,2.475869999095699e-7,4.2043861639189e-7
0.000004580799515577525,0.0000022134943751037354,2.4994138768561994e-7,4.206107686981313e-7
0.0000046218858341604465,0.0000022150703088760595,2.5231572012281105e-7,4.207791017968254e-7
0.000004663280324440637,0.0000022166172944761146,2.547101986553818e-7,4.2094415865612364e-7
0.000004704985216644338,0.000004159959525496926,2.57125020850922e-7,4.211063323466755e-7
0.000004747002678618607,0.000004164433753595942,2.5956038091847756e-7,4.212659164263494e-7
0.0000047893348217378504,0.000004168007658011033,2.620164701464294e-7,4.2142313595872744e-7
0.000004831983705967438,0.000004171284110322411,2.6449347728097297e-7,4.2157816743532953e-7
0.000004874951344214915,0.000004174397907807801,2.6699158885417674e-7,4.2173115202665057e-7
0.000004918239706076485,0.000004177403899802181,2.6951098946903885e-7,4.2188220465943285e-7
0.000004961850721067664,0.000004180330147591546,2.720518620477405e-7,4.220314203934445e-7
0.000005005786281412151,0.000004183193007349579,2.7461438804828927e-7,4.2217887899999497e-7
0.000005050048244450817,0.0000041860028725910304,2.771987476539008e-7,4.223246483127324e-7
0.000005094638434722703,0.000004188766772797551,2.7980511993880017e-7,4.2246878672171833e-7
0.000005139558645761903,0.0000041914896945084905,2.8243368301355283e-7,4.226113450579874e-7
0.00000518481064164737,0.000004194175312247839,2.8508461415256526e-7,4.2275236803692403e-7
0.0000052303961583372154,0.0000041968264199573645,2.87758089906016e-7,4.228918953773167e-7
0.000005276316904814372,0.000004199445199047252,2.904542861981312e-7,4.2302996267863694e-7
0.000005322574564066722,0.000004202033392033235,2.9317337841346457e-7,4.2316660211577443e-7
0.000005369170793921359,0.0000042045924189850084,2.959155414726006e-7,4.233018429943431e-7
0.000005416107227750142,0.0000042071234579460145,2.9868094989850584e-7,4.234357121983478e-7
0.0000054633854750612574,0.000004209627501886144,3.0146977787458036e-7,4.2356823455394136e-7
0.000005511007121989503,0.000004212105399924854,3.0428219929534255e-7,4.236994331271702e-7
0.0000055589737316965,0.0000042145578877448914,3.071183878105293e-7,4.238293294693562e-7
0.0000056072868446904706,0.000004216985610413364,3.099785168633202e-7,4.2395794382061515e-7
0.000005655947979074047,0.000004219389139765167,3.1286275972328023e-7,4.240852952796602e-7
0.000005704958630727578,0.000004221768987824194,3.157712895145675e-7,4.2421140194627256e-7
0.000005754320273434435,0.000004224125617292175,3.1870427923985223e-7,4.243362810414661e-7
0.000005804034358954036,0.000004226459449836667,3.2166190180037885e-7,4.244599490093449e-7
0.000005854102317047774,0.0000042287708727060454,3.246443300125125e-7,4.245824216038469e-7
0.0000059045255554621814,0.000004231060244057877,3.2765173662109575e-7,4.2470371396294523e-7
0.000005955305459873502,0.000004233327897287268,3.30684294309902e-7,4.2482384067239045e-7
0.000006006443393797074,0.000004235574144570246,3.3374217570942093e-7,4.249428158206857e-7
0.000006057940698464788,0.000004237799279785479,3.368255534022098e-7,4.2506065304668497e-7
0.00000610979869267337,0.00000424000358093946,3.399345999259978e-7,4.2517736558095345e-7
0.000006162018672606125,0.00000424218731219208,3.4306948777472053e-7,4.2529296628183373e-7
0.000006214601911630316,0.000004244350725558201,3.4623038939764134e-7,4.254074676670022e-7
0.000006267549660072266,0.000004246494062344838,3.4957980621142093e-7,4.25520881941168e-7
0.0000063208631449720915,0.000004248617554371156,3.5486717908002665e-7,4.256332210204609e-7
0.000006374543569819608,0.000004250721425009065,3.649361438293005e-7,4.257444965539707e-7
0.00000642859211427308,0.00000425280589007476,3.772555290394126e-7,4.2585471994282293e-7
0.000006483009933862079,0.000004254871158595812,3.9041512923627067e-7,4.259639023571232e-7
0.000006537798159675723,0.0000042569174334738,4.039041925851987e-7,4.2607205475104626e-7
0.0000065929578980375276,0.000004258944912058886,4.177284735172578e-7,4.2617918787631163e-7
0.0000066484902301678145,0.000004260953786649851,4.318938002842435e-7,4.262853122942464e-7
0.000006704396211834686,0.000004262944244930707,4.4640607551083063e-7,4.263904383866127e-7
0.000006760676872994518,0.0000042649164703532215,4.6127127674275024e-7,4.264945763653481e-7
0.000006817333217422664,0.000004266870642473052,4.7649545699076495e-7,4.265977362813518e-7
0.000006874366222335237,0.000004268806937246032,4.920847452701851e-7,4.2669992803242647e-7
0.000006931776838002676,0.0000042707255272900635,5.080453471356819e-7,4.2680116137047343e-7
0.000006989565987355675,0.0000042726265821172315,5.243835452111315e-7,4.2690144590802895e-7
0.0000070477345655842,0.000004274510268340092,5.411056997142411e-7,4.270007911242112e-7
0.000007106283439730031,0.0000042763767498554555,5.582182489756794e-7,4.2709920637014624e-7
0.000007165213448273599,0.0000042782261880085284,5.757277099524521e-7,4.27196700873928e-7
0.000007224525400715352,0.000004280058741739862,5.936406787352458e-7,4.2729328374516194e-7
0.000007284220077152373,0.000004281874567717206,6.119638310494609e-7,4.2738896397913654e-7
0.000007344298227850579,0.0000042836738204540965,6.307039227496556e-7,4.274837504606607e-7
0.000007404760572813,0.000004285456652416724,6.498677903071128e-7,4.275776519676024e-7
0.000007465607801344524,0.00000428722321412047,6.694623512902361e-7,4.27670677174156e-7
0.000007526840571613547,0.000004288973654217269,6.894946048374891e-7,4.277628346538686e-7
0.000007588459510210868,0.000004290708119574852,7.099716321225745e-7,4.278541328824456e-7
0.000007650465211706275,0.000004292426755348744,7.309005968115466e-7,4.2794458024035883e-7
0.000007712858238203089,0.000004294129705047835,7.522887455115599e-7,4.2803418501527517e-7
0.0000077756391188911,0.000004295817110594196,7.741434082109329e-7,4.286546961495291e-7
0.000007838808349598204,0.000004297489112377752,7.964719987102213e-7,4.3155030952651354e-7
0.000007902366392341046,0.000004299145849306358,8.192820150439752e-7,4.4039967443788865e-7
0.00000796631367487503,0.000004300787458851748,8.425810398928615e-7,4.515968945288051e-7
0.000008030650590243997,0.000004302414077091764,8.663767409858229e-7,4.632383172782906e-7
0.000008095377496329907,0.000004304025838749262,8.90676871491943e-7,4.750286584643181e-7
0.000008160494715402744,0.000004305622877228002,9.154892704016865e-7,4.869679477833601e-7
0.000008226002533671099,0.000004307205324645831,9.408218628971762e-7,4.990562140902994e-7
0.000008291901200833533,0.000004308773311865407,9.66682660711158e-7,5.112934854150514e-7
0.000008358190929631175,0.000004310326968522722,9.930797624743157e-7,5.236797889789426e-7
0.000008424871895401802,0.000004311866423053598,0.0000010200213540505964,5.362151512108446e-7
0.000008491944235635582,0.00000431339180271837,0.0000010475157088601719,5.488995977630663e-7
0.000008559408049532925,0.0000043149032336249334,0.0000010755711881896969,5.617331535270085e-7
0.000008627263397564626,0.000004316400840750251,0.0000011041962414895145,5.747158426485847e-7
0.000008695510301034568,0.000004317884747960532,0.0000011333994066574183,5.878476885434062e-7
0.00000876414874164534,0.000004319355078030143,0.0000011631893103086392,6.011287139117421e-7
0.000008833178661066952,0.0000043208119526593935,0.0000011935746680316694,6.145589407532493e-7
0.00000890259996050902,0.0000043222554924912774,0.0000012245642846295603,6.281383903814789e-7
0.00000897241250029658,0.0000043236858171272814,0.0000012561670543463262,6.418670834381633e-7
0.000009042616099449938,0.000004325103045142316,0.000001288391961078067,6.557450399072819e-7
0.000009113210535268688,0.000004326507294098865,0.000001321248078568452,6.697722791289125e-7
0.000009184195542920288,0.0000043278986805603995,0.0000013547445705881606,6.839488198128692e-7
0.000009255570815033382,0.000004329277320104136,0.0000013888906910979248,6.982746800521302e-7
0.000009327336001296169,0.000004330643327333182,0.0000014236957843947667,7.12749877336055e-7
0.00000939949070806013,0.000004331996815888124,0.0000014591692852410614,7.273744285633971e-7
0.00000947203449794926,0.000004333337898458096,0.0000014953207189760436,7.421483500551173e-7
0.000009544966889475225,0.000004334666686791381,0.0000015321597016093353,7.570716575669901e-7
0.000009618287356658591,0.0000043359832917055676,0.000001569695939896163,7.72144366302016e-7
0.000009691995328656459,0.000004337287823097325,0.0000016079392313938127,7.873664909226391e-7
0.000009766090189396713,0.000004338580389951787,0.0000016468994644989753,8.027380455627656e-7
0.000009840571277219248,0.000004339861100351606,0.0000016865866184655804,8.182590438395997e-7
0.000009915437884524307,0.0000043411300614856975,0.0000017270107634027063,8.339294988652861e-7
0.000009990689257428287,0.000004342387379657677,0.0000017681820602522017,8.497494232583661e-7
0.000010066324595427256,0.000004343633160294049,0.00000181011076074561,8.65718829155053e-7
0.00001014234305106842,0.000004344867507952137,0.000001852807207340001,8.818377282203233e-7
0.000010218743729629805,0.000004346090526327775,0.0000018962818331323396,8.98106131658832e-7
0.000010295525688808463,0.000004347302318262815,0.0000019405451617519684,9.14524050225649e-7
0.000010372687938417342,0.000004348502985752397,0.000001985607807230839,9.310914942368196e-7
0.000010450229440091253,0.00000434969262995207,0.0000020314804738510967,9.478084735797582e-7
0.000010528149107001978,0.000004350871351184732,0.0000020781739559696117,9.646749977234651e-7
0.000010606445803582954,0.000004352039248947398,0.0000021256991378191046,9.816910757285824e-7
0.000010685118345263719,0.000004353196421917845,0.0000021740669932854536,9.988567162572782e-7
0.00001076416549821428,0.000004354342967961104,0.000002223288585660803,0.0000010161719275829728
0.00001084358597909983,0.000004355478984135833,0.000002273375067372111,0.0000010336367175998982
0.00001092337845484588,0.000004356604566700562,0.0000023243376796847397,0.0000010512510938325048
0.000011003541542414174,0.000004357719811119838,0.00000237618775238072,0.0000010690150634447045
0.00001108407380858956,0.000004358824812070263,0.000002428936703411325,0.0000010869286332489645
0.000011164973769778084,0.000004359919663446429,0.000002482596038523567,0.0000011049918097152438
0.00001124623989181654,0.000004361004458366773,0.000002537177350860285,0.0000011232045989797834
0.000011327870589793632,0.000004362079289179343,0.0000025926923205334116,0.0000011415670068537408
0.000011409864227883163,0.000004363144247467478,0.000002649152714170131,0.0000011600790388316865
0.000011492219119189238,0.000004364199424055424,0.000002706570384431513,0.0000011787407000999506
0.000011574933525603887,0.000004365244909013877,0.000002764957269503314,0.000001197551995544824
0.000011658005657677205,0.000004366280791665453,0.0000028243253925585958,0.0000012165129297606255
0.00001174143367450034,0.0000043673071605901035,0.0000028846868611918163,0.0000012356235070576223
0.00001182521568360141,0.000004368324103630473,0.000002946053866824097,0.0000012548837314698244
0.000011909349740854632,0.000004369331707897192,0.000003008438684079283,0.0000012742936067626284
0.000011993833850402873,0.000004370330059774133,0.0000030718536701305486,0.0000012938531364403414
0.000012078665964593737,0.000004371319244923596,0.000003136311264017189,0.0000013135623237535684
0.000012163843983929502,0.000004372299348291469,0.0000032018239859313204,0.0000013334211717064685
0.000012249365757030947,0.000004373270454112327,0.000003268404436474195,0.0000013534296830638845
0.00001233522908061541,0.000004374232645914493,0.0000033360652958818216,0.0000013735878603583482
0.000012421431699489077,0.000004375186006525069,0.0000034048193232196393,0.0000013938957058969593
0.000012507971306553856,0.000004376130618074911,0.000003474679355545997,0.000001414353221768144
0.000012594845542828828,0.000004377066562003574,0.0000035456583070440714,0.0000014349604098482869
0.000012682051997486559,0.000004377993919064225,0.0000036177691681221492,0.0000014557172718082517
0.000012769588207904341,0.000004378912769328523,0.000003691025004481855,0.0000014766238091197802
0.000012857451659730625,0.0000043798231921914526,0.00000376543895615423,0.000001497680023061777
0.000012945639786966577,0.00000438072526637614,0.00000384102423650335,0.0000015188859147264778
0.000013034149972063088,0.000004381619069938639,0.000003917794131197314,0.0000015402414850255051
0.000013122979546033344,0.000004382504680272671,0.000003995761997146449,0.0000015617467346958195
0.000013212125788580915,0.000004383382174114355,0.0000040749412614084285,0.0000015834016643055536
0.000013301585928243617,0.000004384251627546897,0.000004155345420060264,0.0000016052062742597433
0.000013391357142553283,0.000004385113116005263,0.000004236988037036898,0.0000016271605648059495
0.000013481436558211358,0.000004385966714280813,0.000004319882742936341,0.000001649264536039777
0.000013571821251280632,0.000004386812496525921,0.0000044040432337911585,0.0000016715181879102964
0.000013662508247392972,0.000004387650536258561,0.000004489483269806177,0.0000016939215202253496
0.00001375349452197336,0.000004388480906366877,0.00000457621667406237,0.00000171647453265677
0.000013844777000480051,0.000004389303679113716,0.000004664257331186784,0.0000017391772247455001
0.0000139363525586611,0.000004390118926141154,0.0000047536191859883665,0.000001762029595906603
0.000014028218022827272,0.000004390926718474985,0.000004844316242059802,0.0000017850316454341937
0.000014120370170141278,0.00000439172712652919,0.0000049363625603451104,0.000001808183372506265
0.000014212805728923448,0.000004392520220110389,0.000005029772257673084,0.0000018314847761894203
0.000014305521378973907,0.000004393306068422266,0.000005124559505256585,0.0000018549358554435259
0.000014398513751911124,0.00000439408474006997,0.00000522073852715756,0.0000018785366091262581
0.00001449177943152702,0.000004394856303064502,0.000005318323598717942,0.0000019022870359975779
0.000014585314954158453,0.000004395620824827069,0.000005417329044956366,0.000001926187134724098
0.000014679116809075207,0.000004396378372193425,0.00000551776923893079,0.0000019502369038833886
0.000014773181438884412,0.0000043971290114181904,0.000005619658600067111,0.0000019744363419681766
0.000014867505239951313,0.0000043978728081791436,0.000005723011592453817,0.000001998785447390473
0.000014962084562836432,0.000004398609827581502,0.000005827842723102803,0.000002023284218485616
0.000015056915712749034,0.0000043993401341621726,0.000005934166540176466,0.0000020479326535162332
0.000015151994950016826,0.000004400063791893978,0.000006041997631181247,0.000002072730750676119
0.000015247318490571852,0.000004400780864189886,0.000006151350621127747,0.0000020976785080940463
0.000015342882506452427,0.000004401491413907186,0.000006262240170657592,0.0000021227759238374833
0.0000154386831263212,0.000004402195503351665,0.0000063746809741373014,0.0000021480229959162534
0.000015534716435998998,0.000004402893194281757,0.000006488687757719328,0.000002173419722286104
0.000015630978479014526,0.00000440358454791268,0.0000066042752773705104,0.0000021989661008522086
0.000015727465257169857,0.000004404269624920529,0.0000067214583168682426,0.000002224662129472602
0.000015824172731121252,0.000004404948485446386,0.000006840251685764584,0.0000022505078059615325
0.000015921096820975667,0.0000044056211891003695,0.000006960670217318669,0.000002276503128092752
0.000016018233406902335,0.000004406287794965689,0.000007082728766397687,0.0000023026480936027347
0.000016115578329759578,0.000004406948361602678,0.0000072064422073468156,0.0000023289427001938263
0.00001621312739173658,0.000004407602947052792,0.000007331825431828446,0.000002355386945537331
0.000016310876357009877,0.000004408251608842598,0.000007458893346631103,0.000002381980827276526
0.000016408820952414518,0.000004408894403987741,0.0000075876608714484746,0.000002408724343029616
0.00001650695686812959,0.000004409531388996886,0.000007718142936628951,0.000002435617490392622
0.000016605279758377967,0.000004410162619875644,0.000007850354480896145,0.000002462660266942207
0.000016703785242140075,0.000004410788152130479,0.000007984310449040917,0.0000024898526702384454
0.000016802468903881356,0.000004411408040772587,0.000008120025789585232,0.0000025171946978275177
0.000016901326294293345,0.000004412022340321757,0.000008257515452418631,0.000002544686347244362
0.00001700035293104807,0.000004412631104810221,0.000008396794386407614,0.000002572327616015261
0.000017099544299565374,0.000004413234387786464,0.000008537877536978602,0.00000260011850166036
0.000017198895853793234,0.0000044138322423190365,0.000008680779843675088,0.000002628059001696148
0.000017298403017000414,0.000004414424721000323,0.000008825516237689545,0.0000026561491136378654
0.00001739806118258153,0.00000441501187595031,0.00000897210163937064,0.0000026843888350018642
0.00001749786571487404,0.00000441559375882032,0.000009120550955706643,0.00000271277816330792
0.000017597811949986874,0.000004416170420796729,0.000009270879077785387,0.0000027413170960814745
0.000017697895196640554,0.000004416741912604665,0.000009423100878231722,0.000002770005630855843
0.0000177981107370183,0.000004417308284511679,0.000009577231208623078,0.0000027988437651743597
0.000017898453827627984,0.000004417869586331411,0.000009733284896883847,0.0000028278314965924726
0.000017998919700174487,0.00000441842586742721,0.000009891276744659455,0.000002856968822679799
0.000018099503562442206,0.000004418977176715758,0.000010051221524670707,0.0000028862557410221165
0.000018200200599187335,0.0000044195235626706565,0.0000102131339780495,0.0000029156922492233215
0.000018301005973039598,0.000004420065073326,0.000010377028811656351,0.0000029452783449073233
0.000018401914825413057,0.000004420601756279928,0.00001054292069538097,0.00000297501402571991
0.000018502922277425712,0.000004421133658698151,0.000010710824259426446,0.000003004899289330558
0.000018604023430827415,0.000004421660827317459,0.00001088075409157805,0.000003034934133434189
0.00001870521336893585,0.000004422183308449215,0.000011052724734457597,0.000003065118555752912
0.00001880648715758017,0.000004422701147982813,0.000011226750682764172,0.0000030954525540376823
0.00001892527991292461,0.000004423214391389132,0.000011402846380502258,0.0000031259361260699446
0.000019060865857370967,0.000004423723083723949,0.000011581026218198226,0.0000031565692696632346
0.00001919701301101861,0.000004424227269631359,0.000011761304530106034,0.0000031873519826647187
0.000019333718683226404,0.000004424726993347145,0.000011943695591403349,0.00000321828426295672
0.000019470980136522625,0.00000442522229870214,0.000012128213615378886,0.000003249366108458182
0.000019608794587187455,0.0000044257132291255754,0.00001231487275061214,0.0000032805975171261022
0.000019747159205850688,0.000004426199827648394,0.000012503687078146519,0.0000033119784869569345
0.000019886071118104094,0.000004426682136906552,0.000012694670608656898,0.0000033435090159879407
0.000020025527405128392,0.0000044271601991442945,0.000012887837279612716,0.000003375189102298513
0.000020165525104334578,0.0000044276340562174135,0.000013083200952437709,0.0000034070187440114586
0.000020306061210019267,0.000004428103749596485,0.000013280775409667365,0.0000034389979392942426
0.000020457076018958575,0.000004428569320370085,0.00001348057435210527,0.0000034711266863602153
0.000020663384055542202,0.000004429030809247975,0.000013682611395979348,0.0000035034049834697693
0.00002089567863253968,0.000004429488256564289,0.000013886900070099365,0.0000035358328289315094
0.000021129794415712267,0.000004429941702280677,0.00001409345381301659,0.000003568410221103341
0.000021365734218158537,0.0000044303911859894375,0.00001430228597018704,0.0000036011371583935633
0.0000216035007239834,0.000004430836746916632,0.00001451340979113933,0.0000036340136392619147
0.000021843096488004426,0.000004431278423925169,0.000014726838426648283,0.000003667039662220581
0.000022084523935496727,0.0000044317162555178815,0.000014942584925915694,0.0000037002152258351857
0.000022327785361976276,0.000004432150279840573,0.000015160662233759262,0.0000037335403287257472
0.00002257288293302186,0.00000443258053468504,0.000015381083187810973,0.000003767014969567588
0.000022819818684135925,0.000004433007057492087,0.000015603860515726254,0.0000038006391470922524
0.00002306859452064391,0.000004433429885354511,0.00001582900683240492,0.000003834412860088352
0.000023327011027937707,0.000004433849055020067,0.000016056534637225327,0.000003868336107402418
0.00002361783575863711,0.000004434264602894418,0.0000162864563112929,0.000003902408887939702
0.0000239110600140394,0.000004434676565044053,0.00001651878411470429,0.0000039366312006649635
0.000024206687789430198,0.000004440124100070363,0.000016753530183828372,0.00000397100304460323
0.000024504722911599707,0.000004448306791785477,0.000016990706528605415,0.0000040055244188405196
0.000024805169038520876,0.000004456519073178909,0.000017230325029865584,0.000004040195322524555
0.000025108029659077343,0.000004464760971406581,0.000017472397436667986,0.000004075015754865436
0.00002541330809284122,0.000004473032513381412,0.00001771693536366171,0.000004109985715136296
0.00002572100748990092,0.000004481333725775763,0.000017963950288469917,0.000004145105202673935
0.00002603113083073865,0.000004489664635023875,0.00001821345354909819,0.000004180374216879425
0.000026343680926158047,0.000004498025267324285,0.000018465456341368678,0.000004215792757218701
0.000026658660417261494,0.000004506415648642207,0.000018719969716380787,0.000004251360823223105
0.000026976071775477177,0.0000045148358047119,0.00001897700457800026,0.0000042870784144899415
0.000027295917302635908,0.000004523285761039015,0.000019236571680377242,0.000004322945530682993
0.00002761819913109726,0.0000045357564138734045,0.000019498681625494978,0.000004358962171532997
0.000027942919223925352,0.000004560924332914056,0.000019763344860750312,0.0000043951283368381475
0.0000282700793751135,0.000004589885824905083,0.00002003057167656686,0.0000044314440264645254
0.000028599681209858004,0.0000046189638911766484,0.000020300372204042498,0.0000044679092403465395
0.000028931726184880605,0.00000464815853611352,0.0000205727564126321,0.000004504523978487347
0.000029266215588799326,0.000004677469764098672,0.000020847734107866532,0.000004541288240959236
0.000029603150542547616,0.000004706897579514536,0.000021125314929109573,0.000004578202027904004
0.000029942531999841128,0.00000473644198674428,0.000021405508347353337,0.0000046152653395333235
0.00003028436074769215,0.000004766102990172995,0.00002168832366305358,0.000004652478176129056
0.00003062863740697111,0.000004795880594188901,0.000021973770004006226,0.000004689840538043602
0.00003097536243301476,0.000004825774803184497,0.00002226185632326564,0.000004727352425700175
0.00003132453611628081,0.000004855785621557683,0.000022552591397106393,0.000004765013839593106
0.00003167615858304822,0.000004888864863501671,0.000022845983823028987,0.000004802824780288101
0.00003203022979616314,0.000004927839486785231,0.000023142042017811034,0.000004840785248422498
0.00003238674955582967,0.000004966967892100582,0.000023440774215604674,0.000004878895244705499
0.000032745717500444847,0.000005006250075130624,0.000023742188466081114,0.000004917154769918387
0.000033107133107477934,0.0000050456860316601195,0.000024046292632623787,0.000004955563824914739
0.00003347099569439263,0.00000508527575757626,0.00002435309439057037,0.000004994122410620604
0.00003383730441961218,0.000005125019248869207,0.0000246626012255052,0.00000503283052803468
0.00003420605828352683,0.000005164916501632631,0.00002497482043160276,0.000005071688178228481
0.00003457725612954246,0.00000520496751206418,0.0000252897591100229,0.000005110695362346469
0.00003495089664517041,0.000005245172276465946,0.000025607424167359183,0.0000051498520816061916
0.00003532697836315754,0.00000528553079124491,0.000025927822314140667,0.0000051891583372984065
0.00003570549966265559,0.000005326043052913326,0.00002625096006338819,0.000005228614130787172
0.000036086458770429936,0.000005366709058089125,0.000026576843729225965,0.000005268219463509944
0.00003646985376210601,0.000005407528803496246,0.00002690547942554907,0.0000053079743369776555
0.000036855682563453626,0.000005448502285964991,0.000027236873064747767,0.000005347878752774782
0.00003724394295170768,0.0000054896295024322955,0.000027571030356489028,0.000005387932712559395
0.000037634632556925126,0.000005530910449942041,0.0000279079568065564,0.000005428136218063202
0.00003802774886337687,0.00000557234512564529,0.000028247657715748244,0.000005468489271091572
0.00003842328921097439,0.000005613933526800526,0.000028590138178835587,0.000005508991873523564
0.00003882125079672975,0.0000056556756507738615,0.000028935403083579603,0.0000055496440273119325
0.00003922163067624849,0.000005697571495039227,0.000029283457109809596,0.0000055904457344831145
0.0000396244257652546,0.0000057396210571785305,0.00002963430472856181,0.000005631396997137221
0.000040029632841146605,0.0000057818243348818196,0.000029987950201279797,0.0000056724978174480156
0.00004043724854458391,0.000005824181325947379,0.000030344397579076272,0.000005713748197662874
0.00004084726938110278,0.000005866692028281855,0.000030703650702057484,0.0000057551481401027475
0.0000412596917227608,0.000005909356439900335,0.000031065713198709984,0.000005796697647162099
0.000041674511809809074,0.000005952174558926401,0.000031430588485350276,0.0000058383967213088385
0.00004209172575239141,0.000005995146383592192,0.0000317982797656378,0.000005880245365084265
0.00004251132953226931,0.0000060382719122384085,0.00003216879003015124,0.000005922243581102961
0.00004293331900457227,0.000006081551143314348,0.00003254212205602863,0.0000059643913720527274
0.00004335768989957199,0.00000612498407537787,0.00003291827840667117,0.0000060066887406944584
0.00004378443782448023,0.00000616857070709539,0.000033297261431511317,0.0000060491356898620555
0.00004421355826526854,0.000006212311037241822,0.00003367907326584469,0.00000609173222246229
0.00004464504658851004,0.000006256205064700522,0.00003406371583072654,0.000006134478341474705
0.0000450788980432414,0.0000063002527884632244,0.00003445119083293225,0.00000617737404995146
0.00004551510776284436,0.00000634445420762993,0.00003484149976498218,0.000006220419351017201
0.000045953670766946285,0.000006388809321408812,0.000035234643905230705,0.00000626361424786891
0.00004639458196333836,0.000006433318129116101,0.00003563062431801969,0.000006306958743775765
0.00004683783614991055,0.0000064779806301759236,0.00003602944185389557,0.000006350452842078951
0.00004728342801660275,0.0000065227968241201795,0.000036431097149890865,0.000006394096546191523
0.00004773135214737077,0.000006567766710588365,0.00003683559062986916,0.000006437889859598215
0.00004818160302216644,0.000006612890289327388,0.00003724292250493366,0.000006481832785855249
0.000048634175018931086,0.000006658167560191395,0.00003765309277389927,0.00000652592532859018
0.00004908906241560115,0.000006703598523141546,0.000038066101223827414,0.00000657016749150166
0.000049546259392125126,0.00000674918317824582,0.00003848194743062386,0.000006614559278359278
0.0000500057600324911,0.000006794921525678762,0.00003890063075969859,0.000006659100693003329
0.000050467558326763765,0.000006840813565721269,0.000039322150366688035,0.000006703791739344614
0.000050931648173130116,0.000006886859298760317,0.00003974650519823846,0.000006748632421364219
0.000051398023379952866,0.00000693305872528871,0.00004017369399285079,0.0000067936227431133005
0.000051866677667830875,0.000006979411845904797,0.00004060371528178587,0.0000068387627087128455
0.00005233760467166531,0.0000070259186613122,0.00004103656739002986,0.0000068840523223534545
0.000052810797942731154,0.000007072579172319502,0.00004147224843731913,0.000006929491588295089
0.00005328625095075303,0.000007119393379839957,0.0000419107563392243,0.000006975080510866845
0.000053763957085984115,0.000007166361284891165,0.000042352088808292375,0.000007020819094466705
0.00005424390966128778,0.000007213482888594754,0.00004279624335524668,0.000007066707343561266
0.000054726101914221085,0.000007260758192176045,0.00004324321729024391,0.0000071127452626855145
0.00005521052700911872,0.0000073081871969637044,0.00004369300772418726,0.0000071589328564425535
0.000055697178039177374,0.0000073557699043893896,0.000044145611570095264,0.000007205270129503323
0.0000561860480285394,0.00000740350631598742,0.00004460102554452567,0.000007251757086606375
0.00005667712993437427,0.000007451396433394361,0.000045059246169052695,0.000007298393732557556
0.00005717041664895844,0.000007499440258348682,0.00004552026977179811,0.000007345180072229759
0.00005766590100175157,0.0000075476377926903575,0.00004598409248901433,0.0000073921161105626324
0.0000581635757614692,0.0000075959890383604905,0.000046450710266719074,0.000007439201852562319
0.0000586634336381502,0.000007644493997400898,0.000046920118862380555,0.0000074864373033011426
0.000059165467285219505,0.000007693152671953715,0.000047392313846652364,0.000007533822467917346
0.00005966966930154406,0.000007741965064260982,0.000047867290605156896,0.000007581357351614769
0.00006017603223348239,0.000007790931176664217,0.00004834504434031681,0.00000762904195966259
0.00006068454857692618,0.000007840051011603996,0.0000488255700732328,0.000007676876297394991
0.00006119521077933414,0.000007889324571619544,0.000049308862645607795,0.000007724860370210901
0.00006170801124175609,0.00000793875185934825,0.00004979491672171487,0.000007772994183573648
0.00006222294232084837,0.000007988332877525273,0.00005028372679040972,0.000007821277743010689
0.00006273999633087827,0.000008038067628983061,0.000050775287167185174,0.000007869711054113273
0.00006325916554571788,0.0000080879561166509,0.0000512695919962674,0.00000791829412253615
0.00006378044220082654,0.000008137998343554485,0.00005176663525275253,0.00000796702695399727
0.00006430381849522071,0.00000818819431281542,0.000052266410744782415,0.000008015909554277427
0.00006482928659343158,0.000008238544027650762,0.00005276891211575858,0.00000806494192921998
0.00006535683862744913,0.00000828904749137255,0.00005327413284659318,0.000008114124084730515
0.0000658864666986525,0.000008339704707387337,0.000053782066257995904,0.00000816345602677653
0.00006641816287972567,0.000008390515679195684,0.00005429270551279531,0.000008212937761387122
0.00006695191921655857,0.000008441480410391704,0.00005480604361829378,0.000008262569294652643
0.00006748772773013233,0.000008492598904662542,0.00005532207342865467,0.000008312350632724379
0.00006802558041838892,0.000008543871165787896,0.00005584078764732067,0.000008362281781814235
0.00006856546925808412,0.000008595297197639525,0.0000563621788294618,0.000008412362748194387
0.00006910738620662389,0.000008646877004180745,0.00005688623938445254,0.00000846259353819698
0.00006965132320388267,0.000008698610589465921,0.00005741296157837561,0.000008512974158213757
0.00007019727217400475,0.000008750497957639948,0.00005794233753655264,0.000008563504614695751
0.00007074522502718683,0.00000880253911293778,0.00005847435924609959,0.00000861418491415295
0.00007129517366144208,0.000008854734059683864,0.000059009018558505586,0.000008665015063153947
0.00007184710996434541,0.000008907082802291683,0.00005954630719223488,0.000008715995068325624
0.00007240102581475876,0.000008959585345263183,0.00006008621673534926,0.000008767124936352795
0.00007295691308453724,0.000009012241693188285,0.00006062873864815108,0.000008818404673977868
0.00007351476364021477,0.000009065051850744356,0.00006117386426584474,0.00000886983428800052
0.00007407456934466956,0.00000911801582269568,0.00006172158480121585,0.000008921413785277343
0.00007463632205876846,0.000009171133613892935,0.0000622718913473264,0.000008973143172721514
0.00007520001364299067,0.00000922440522927267,0.00006282477488022525,0.000009025022457302439
0.00007576563595902966,0.000009277830673856754,0.00006338022626167208,0.00000907705164604542
0.00007633318087137398,0.000009331409952751861,0.00006393823624187434,0.000009129230746031306
0.0000769026402488657,0.000009385143071148933,0.00006449879546223497,0.000009181559764396157
0.00007747400596623735,0.000009439030034322657,0.0000650618944581109,0.000009234038708330896
0.00007804726990562573,0.000009493070847630895,0.00006562752366157982,0.000009286667585080963
0.00007862242395806387,0.000009547265516514173,0.00006619567340421489,0.000009339446401945961
0.0000791994600249501,0.000009601614046495151,0.00006676633391986617,0.000009392375166279334
0.00007977837001949379,0.000009656116443178037,0.00006733949534744691,0.000009445453885487993
0.00008035914586813881,0.000009710772712248118,0.0000679151477337245,0.000009498682567032004
0.00008094177951196269,0.000009765582859471146,0.00006849328103611363,0.000009552061218424204
0.00008152626290805357,0.000009820546890692838,0.00006907388512547206,0.000009605589847229886
0.0000821125880308625,0.000009875664811838323,0.00006965694978889642,0.000009659268461066427
0.00008270074687353324,0.000009930936628911601,0.00007024246473251797,0.000009713097067602965
0.00008329073144920737,0.000009986362347994998,0.00007083041958429636,0.000009767075674560053
0.00008388253379230614,0.00001004194197524861,0.00007142080389681087,0.000009821204289709276
0.00008447614595978856,0.000010097675516909793,0.00007201360715004796,0.000009875482920872961
0.00008507156003238487,0.000010153562979292566,0.00007260881875418363,0.000009929911575923784
0.00008566876811580674,0.000010209604368787107,0.00007320642805235992,0.000009984490262784445
0.00008626776234193336,0.000010265799691859217,0.00007380642432345485,0.000010039218989427329
0.00008686853486997281,0.000010322148955049721,0.00007440879678484349,0.000010094097763874143
0.00008747107788760025,0.000010378652164973981,0.00007501353459515057,0.000010149126594195581
0.00008807538361207144,0.000010435309328321335,0.0000756206268569931,0.000010204305488510994
0.00008868144429131259,0.000010492120451854519,0.00007623006261971144,0.000010259634454988
0.00008928925220498565,0.000010549085542409172,0.00007684183088208884,0.000010315113501842198
0.00008989879966553047,0.000010606204606893284,0.00007745592059505811,0.000010370742637336794
0.00009051007901918193,0.000010663477652286621,0.00007807232066439374,0.000010426521869782253
0.00009112308264696389,0.00001072090468564021,0.00007869101995339008,0.000010482451207535968
0.00009173780296565927,0.000010778485714075804,0.00007931200728552346,0.000010538530659001922
0.00009235423242875585,0.000010836220744785313,0.00007993527144709768,0.000010594760232630333
0.00009297236352736887,0.000010894109785030296,0.00008056080118987249,0.000010651139936917326
0.00009359218879113978,0.000010952152842141405,0.00008118858523367356,0.000010707669780404588
0.00009421370078911149,0.000011010349923517843,0.00008181861226898354,0.000010764349771679031
0.00009483689213058024,0.000011068701036626845,0.0000824508709595134,0.000010821179919372448
0.00009546175546592426,0.000011127206189003114,0.00008308534994475326,0.00001087816023216117
0.00009608828348740917,0.000011185865388248319,0.00008372203784250177,0.000010935290718765763
0.0000967164689299702,0.000011244678642030532,0.00008436092325137353,0.000010992571387950639
0.00009734630457197199,0.000011303645958083721,0.00008500199475328394,0.000011050002248523764
0.00009797778323594489,0.000011362767344207194,0.00008564524091591051,0.0000111075833093363
0.0000986108977892994,0.000011422042808265074,0.00008629065029513008,0.00001116531457928227
0.00009924564114501802,0.000011481472358185805,0.00008693821143743176,0.000011223196067298255
0.00009988200626232415,0.000011541056001961562,0.00008758791288230393,0.000011281227782363017
0.00010051998614732988,0.000011600793747647778,0.00008823974316459581,0.000011339409733497193
0.00010115957385366132,0.00001166068560336259,0.0000888936908168528,0.000011397741929762975
0.00010180076248306212,0.000011720731577286328,0.00008954974437162405,0.000011456224380263752
0.00010244354518597584,0.000011780931677660992,0.00009020789236374321,0.000011514857094143802
0.00010308791516210675,0.00001184128591278973,0.00009086812333258115,0.000011573640080587963
0.00010373386566095936,0.000011901794291036315,0.00009153042582426945,0.000011632573348821294
0.00010438138998235725,0.00001196245682082463,0.00009219478839389595,0.000011691656908108756
0.00010503048147694134,0.000012023273510638158,0.00009286119960767017,0.000011750890767754899
0.00010568113354664706,0.000012084244369019472,0.00009352964804505915,0.000011810274937103519
0.00010633333964516184,0.000012145369404569696,0.00009420012230089322,0.000011869809425537346
0.0001069870932783624,0.000012206648625948035,0.00009487261098744095,0.000011929494242477721
0.00010764238800473194,0.000012268082041871228,0.0000955471027364534,0.000011989329397384282
0.00010829921743575805,0.000012329669661113064,0.00009622358620117695,0.000012049314899754619
0.00010895757523631128,0.000012391411492503895,0.00009690205005833474,0.000012109450759124004
0.00010961745512500433,0.000012453307544930075,0.0000975824830100761,0.000012169736985065025
0.0001102788508745324,0.000012515357827333505,0.00009826487378589373,0.000012230173587187286
0.00011094175631199545,0.000012577562348711139,0.00009894921114450928,0.000012290760575137116
0.00011160616531920131,0.00001263992111811445,0.00009963548387572496,0.000012351497958597212
0.00011227207183295111,0.000012702434144648969,0.00010032368080224388,0.000012412385747286368
0.00011293946984530697,0.00001276510143747377,0.0001010137907814564,0.000012473423950959143
0.00011360835340384148,0.000012827923005800998,0.00010170580270719342,0.000012534612579405542
0.00011427871661187048,0.000012890898858895357,0.00010239970551144696,0.000012595951642450733
0.0001149505536286683,0.000012954029006073629,0.0001030954881660565,0.000012657441149954705
0.00011562385866966661,0.000013017313456704223,0.00010379313968436272,0.000012719081111812015
0.00011629862600663584,0.000013080752220206634,0.00010449264912282647,0.000012780871537951406
0.00011697484996785147,0.000013144345306051009,0.00010519400558261507,0.000012842812438335586
0.00011765252493824313,0.000013208092723757647,0.0001058971982111542,0.00001290490382296086
0.00011833164535952853,0.000013271994482896512,0.00010660221620364618,0.00001296714570185685
0.00011901220573033212,0.000013336050593086816,0.0001073090488045548,0.000013029538085086225
0.00011969420060628753,0.000013400261063996457,0.0001080176853090553,0.000013092080982744352
0.00012037762460012581,0.00001346462590534162,0.0001087281150644516,0.000013154774404959022
0.00012106247238174907,0.000013529145126886285,0.0001094403274715593,0.000013217618361890166
0.00012174873867828889,0.000013593818738441758,0.0001101543119860547,0.000013280612863729534
0.0001224364182741511,0.000013658646749866207,0.00011087005811979052,0.000013343757920700416
0.0001231255060110466,0.000013723629171064229,0.00011158755544207778,0.000013407053543057356
0.00012381599678800814,0.00001378876601198634,0.00011230679358093403,0.000013470499741085836
0.0001245078855613944,0.000013854057282628563,0.00011302776222429835,0.000013534096525102015
0.00012520116734488006,0.000013919502993031947,0.00011375045112121298,0.000013597843905452405
0.0001258958372094338,0.000013985103153282148,0.00011447485008297195,0.000013661741892513635
0.0001265918902832831,0.00001405085777350893,0.00011520094898423585,0.000013725790496692112
0.0001272893217518671,0.00001411676686388576,0.00011592873776411485,0.00001378998972842377
0.00012798812685777707,0.000014182830434629352,0.00011665820642721813,0.00001385433959817377
0.00012868830090068524,0.000014249048495999202,0.00011738934504467097,0.00001391884011643621
0.00012938983923726236,0.000014315421058297191,0.00011812214375510006,0.000013983491293733885
0.00013009273728108287,0.000014381948131867107,0.00011885659276558545,0.000014048293140617964
0.00013079699050252058,0.000014448629727094227,0.00011959268235258174,0.000014113245667667712
0.00013150259442863202,0.000014515465854404874,0.00012033040286280694,0.000014178348885490256
0.00013220954464303067,0.000014582456524266002,0.00012106974471409985,0.000014243602804720254
0.00013291783678574955,0.00001464960174718477,0.00012181069839624662,0.000014309007436019665
0.00013362746655309486,0.000014716901533708083,0.00012255325447177573,0.000014374562790077465
0.0001343384296974891,0.000014784355894422207,0.0001232974035767225,0.000014440268877609348
0.00013505072202730497,0.000014851964839952315,0.00012404313642136366,0.000014506125709357484
0.00013576433940668987,0.000014919728380962091,0.0001247904437909206,0.000014572133296090242
0.00013647927775538158,0.00001498764652815332,0.00012553931654623424,0.000014638291648601937
0.0001371955330485147,0.000015055719292265423,0.00012628974562440867,0.000014704600777712524
0.00013791310131641859,0.000015123946684075121,0.00012704172203942688,0.000014771060694267384
0.00013863197864440727,0.000015192328714395965,0.0001277952368827369,0.000014837671409137013
0.00013935216117256073,0.000015260865394077938,0.00012855028132380906,0.000014904432933216783
0.00014007364509549915,0.000015329556734007093,0.00012930684661066586,0.000014971345277426702
0.00014079642666214826,0.000015398402745105096,0.00013006492407038257,0.000015038408452711107
0.0001415205021754982,0.000015467403438328852,0.00013082450510956114,0.000015105622470038432
0.00014224586799235482,0.000015536558824670103,0.00013158558121477654,0.00001517298734040095
0.0001429725205230843,0.000015605868915155042,0.00013234814395299591,0.00001524050307481453
0.00014370045623135025,0.0000156753337208439,0.00013311218497197137,0.00001530816968431834
0.00014442967163384512,0.000015744953252830587,0.0001338776960006064,0.000015375987179974655
0.0001451601633000146,0.00001581472752224226,0.00013464466884929624,0.000015443955572868545
0.0001458919278517763,0.00001588465654023897,0.0001354130954102432,0.000015512074874107663
0.00014662496196323228,0.00001595474031801326,0.0001361829676577461,0.000015580345094821968
0.000147359262360376,0.000016024978866789824,0.00013695427764846566,0.000015648766246163528
0.0001480948258207934,0.00001609537219782505,0.00013772701752166476,0.000015717338339306203
0.00014883164917335929,0.00001616592032240674,0.0001385011794994253,0.000015786061385445454
0.00014956972929792774,0.000016236623251853642,0.00013927675588684088,0.000015854935395798068
0.00015030906312501832,0.00001630748099751514,0.0001400537390721863,0.000015923960381601925
0.00015104964763549736,0.000016378493570770878,0.0001408321215270647,0.000015993136354115787
0.00015179147986025429,0.00001644966098303037,0.00014161189580653123,0.00001606246332461899
0.00015253455687987388,0.00001652098324573264,0.0001423930545491954,0.000016131941304411267
0.0001532788758243045,0.000016592460370345866,0.00014317559047730125,0.000016201570304812482
0.00015402443387252206,0.000016664092368367036,0.00014395949639678626,0.000016271350337162398
0.00015477122825219026,0.000016735879251321556,0.0001447447651973196,0.00001634128141282045
0.00015551925623931683,0.000016807821030762925,0.00014553138985231933,0.00001641136354316549
0.0001562685151579067,0.000016879917718272363,0.00014631936341894932,0.000016481596739595584
0.00015701900237961188,0.000016952169325458453,0.00014710867903809736,0.00001655198101352775
0.00015777071532337763,0.000017024575863956806,0.00014789932993433243,0.000016622516376397744
0.00015852365145508656,0.000017097137345429737,0.0001486913094158444,0.000016693202839659858
0.00015927780828719844,0.000017169853781565877,0.00014948461087436395,0.000016764040414786627
0.00016003318337838902,0.000017242725184079845,0.0001502792277850646,0.000016835029113268657
0.00016078977433318502,0.000017315751564711923,0.00015107515370644747,0.00001690616894661439
0.00016154757880159728,0.000017388932935227688,0.0001518723822802076,0.00001697745992634985
0.00016230659447875198,0.000017462269307417742,0.0001526709072310841,0.00001704890206401848
0.00016306681910451855,0.00001753576069309729,0.00015347072236669284,0.00001712049537118085
0.00016382825046313746,0.00001760940710410586,0.00015427182157734317,0.000017192239859414473
0.00016459088638284437,0.000017683208552306985,0.00015507419883583912,0.000017264135540313622
0.00016535472473549396,0.000017757165049587837,0.00015587784819726382,0.000017336182425489013
0.00016611976343618184,0.000017831276607858945,0.00015668276379875054,0.00001740838052656771
0.00016688600044286427,0.000017905543239053837,0.0001574889398592369,0.00001748072985519281
0.0001676534337559778,0.000017979964955128736,0.0001582963706792064,0.000017553230423023286
0.0001684220614180569,0.000018054541768062233,0.00015910505064041435,0.00001762588224173373
